0	50.000000 	 0.783863 	 0.000000 	 0.783863 
0,1	52.000000 	 0.806259 	 0.000000 	 0.806259 
0,2	54.000000 	 0.783863 	 0.000000 	 0.783863 
0,3	56.000000 	 0.783863 	 0.000000 	 0.783863 
0,4	58.000000 	 0.783863 	 0.000000 	 0.783863 
0,5	50.000000 	 0.783863 	 0.000000 	 0.783863 
0,6	52.000000 	 0.806259 	 0.000000 	 0.806259 
0,7	54.000000 	 0.783863 	 0.000000 	 0.783863 
0,8	56.000000 	 0.783863 	 0.000000 	 0.783863 
0,9	58.000000 	 0.783863 	 0.000000 	 0.783863 
1	62.000000 	 0.783863 	 0.000000 	 0.783863 
1,1	64.000000 	 0.795061 	 0.000000 	 0.795061 
1,2	66.000000 	 0.593496 	 0.190367 	 0.783863 
1,3	68.000000 	 0.414328 	 0.369536 	 0.783863 
1,4	72.000000 	 0.156773 	 0.627091 	 0.783863 
1,5	74.000000 	 0.123179 	 0.660685 	 0.783863 
1,6	76.000000 	 0.078386 	 0.705477 	 0.783863 
1,7	78.000000 	 0.033594 	 0.750269 	 0.783863 
1,8	76.000000 	 -0.011198 	 0.795061 	 0.783863 
1,9	74.000000 	 0.000000 	 0.783863 	 0.783863 
2	72.000000 	 0.011198 	 0.772665 	 0.783863 
2,1	70.000000 	 0.033594 	 0.750269 	 0.783863 
2,2	72.000000 	 0.044792 	 0.739071 	 0.783863 
2,3	74.000000 	 0.055990 	 0.727873 	 0.783863 
2,4	76.000000 	 0.033594 	 0.750269 	 0.783863 
2,5	78.000000 	 0.022396 	 0.761467 	 0.783863 
2,6	76.000000 	 -0.436724 	 0.783863 	 0.347139 
2,7	74.000000 	 -0.750269 	 0.783863 	 0.033594 
2,8	70.000000 	 -0.750269 	 0.750269 	 0.000000 
2,9	68.000000 	 -0.335941 	 0.727873 	 0.391932 
3	66.000000 	 -0.638289 	 0.705477 	 0.067188 
3,1	64.000000 	 -0.503912 	 0.683081 	 0.179169 
3,2	60.000000 	 -0.403130 	 0.649487 	 0.246357 
3,3	58.000000 	 -0.526308 	 0.627091 	 0.100782 
3,4	56.000000 	 -0.447922 	 0.604695 	 0.156773 
3,5	54.000000 	 0.190367 	 0.593496 	 0.783863 
3,6	52.000000 	 0.223961 	 0.559902 	 0.783863 
3,7	54.000000 	 0.246357 	 0.537506 	 0.783863 
3,8	56.000000 	 0.246357 	 0.537506 	 0.783863 
3,9	58.000000 	 0.223961 	 0.559902 	 0.783863 
4	60.000000 	 0.223961 	 0.571100 	 0.795061 
4,1	62.000000 	 0.190367 	 0.593496 	 0.783863 
4,2	64.000000 	 0.179169 	 0.604695 	 0.783863 
4,3	62.000000 	 0.145575 	 0.638289 	 0.783863 
4,4	60.000000 	 0.145575 	 0.638289 	 0.783863 
4,5	62.000000 	 0.156773 	 0.627091 	 0.783863 
4,6	66.000000 	 0.134377 	 0.649487 	 0.783863 
4,7	64.000000 	 0.123179 	 0.660685 	 0.783863 
4,8	62.000000 	 0.123179 	 0.660685 	 0.783863 
4,9	64.000000 	 0.134377 	 0.649487 	 0.783863 
5	68.000000 	 0.111980 	 0.671883 	 0.783863 
5,1	66.000000 	 0.100782 	 0.683081 	 0.783863 
5,2	64.000000 	 0.100782 	 0.683081 	 0.783863 
5,3	66.000000 	 0.111980 	 0.671883 	 0.783863 
5,4	68.000000 	 0.123179 	 0.660685 	 0.783863 
5,5	70.000000 	 0.089584 	 0.683081 	 0.772665 
5,6	68.000000 	 0.078386 	 0.705477 	 0.783863 
5,7	66.000000 	 0.089584 	 0.694279 	 0.783863 
5,8	68.000000 	 0.783863 	 0.000000 	 0.783863 
5,9	72.000000 	 0.078386 	 0.705477 	 0.783863 
6	74.000000 	 0.055990 	 0.727873 	 0.783863 
6,1	72.000000 	 0.044792 	 0.739071 	 0.783863 
6,2	70.000000 	 0.033594 	 0.750269 	 0.783863 
6,3	68.000000 	 0.055990 	 0.727873 	 0.783863 
6,4	70.000000 	 0.078386 	 0.705477 	 0.783863 
6,5	72.000000 	 0.067188 	 0.705477 	 0.772665 
6,6	74.000000 	 0.055990 	 0.727873 	 0.783863 
6,7	76.000000 	 0.044792 	 0.739071 	 0.783863 
6,8	72.000000 	 0.022396 	 0.761467 	 0.783863 
6,9	70.000000 	 0.044792 	 0.739071 	 0.783863 
7	72.000000 	 0.067188 	 0.727873 	 0.795061 
7,1	74.000000 	 0.044792 	 0.739071 	 0.783863 
7,2	74.000000 	 0.022396 	 0.761467 	 0.783863 
7,3	72.000000 	 0.011198 	 0.772665 	 0.783863 
7,4	70.000000 	 0.022396 	 0.761467 	 0.783863 
7,5	72.000000 	 0.044792 	 0.739071 	 0.783863 
7,6	76.000000 	 0.033594 	 0.750269 	 0.783863 
7,7	74.000000 	 0.022396 	 0.761467 	 0.783863 
7,8	72.000000 	 0.022396 	 0.761467 	 0.783863 
7,9	74.000000 	 0.033594 	 0.750269 	 0.783863 
8	76.000000 	 0.022396 	 0.761467 	 0.783863 
8,1	74.000000 	 0.022396 	 0.761467 	 0.783863 
8,2	76.000000 	 0.022396 	 0.761467 	 0.783863 
8,3	74.000000 	 0.011198 	 0.772665 	 0.783863 
8,4	72.000000 	 0.022396 	 0.761467 	 0.783863 
8,5	74.000000 	 0.033594 	 0.750269 	 0.783863 
8,6	76.000000 	 0.033594 	 0.750269 	 0.783863 
8,7	78.000000 	 -0.425526 	 0.761467 	 0.335941 
8,8	76.000000 	 0.000000 	 0.795061 	 0.795061 
8,9	74.000000 	 -0.537506 	 1.321370 	 0.783863 
9	70.000000 	 0.033594 	 0.750269 	 0.783863 
9,1	68.000000 	 0.055990 	 0.727873 	 0.783863 
9,2	70.000000 	 0.078386 	 0.705477 	 0.783863 
9,3	72.000000 	 0.078386 	 0.705477 	 0.783863 
9,4	76.000000 	 0.044792 	 0.739071 	 0.783863 
9,5	74.000000 	 0.022396 	 0.772665 	 0.795061 
9,6	72.000000 	 0.022396 	 0.761467 	 0.783863 
9,7	70.000000 	 0.044792 	 0.739071 	 0.783863 
9,8	72.000000 	 0.055990 	 0.727873 	 0.783863 
9,9	74.000000 	 0.055990 	 0.727873 	 0.783863 
10	76.000000 	 0.044792 	 0.739071 	 0.783863 
10,1	74.000000 	 0.022396 	 0.761467 	 0.783863 
10,2	70.000000 	 0.022396 	 0.750269 	 0.772665 
10,3	72.000000 	 0.055990 	 0.727873 	 0.783863 
10,4	74.000000 	 0.145575 	 0.638289 	 0.783863 
10,5	76.000000 	 0.033594 	 0.750269 	 0.783863 
10,6	78.000000 	 0.022396 	 0.761467 	 0.783863 
10,7	76.000000 	 0.000000 	 0.783863 	 0.783863 
10,8	74.000000 	 -0.011198 	 0.783863 	 0.772665 
10,9	72.000000 	 0.022396 	 0.761467 	 0.783863 
11	74.000000 	 0.033594 	 0.750269 	 0.783863 
11,1	78.000000 	 0.011198 	 0.772665 	 0.783863 
11,2	76.000000 	 0.000000 	 0.783863 	 0.783863 
11,3	74.000000 	 0.000000 	 0.783863 	 0.783863 
11,4	72.000000 	 0.011198 	 0.772665 	 0.783863 
11,5	76.000000 	 0.022396 	 0.761467 	 0.783863 
11,6	78.000000 	 0.022396 	 0.761467 	 0.783863 
11,7	76.000000 	 0.000000 	 0.783863 	 0.783863 
11,8	74.000000 	 0.000000 	 0.783863 	 0.783863 
11,9	74.000000 	 0.033594 	 0.750269 	 0.783863 
12	76.000000 	 0.044792 	 0.739071 	 0.783863 
12,1	78.000000 	 0.022396 	 0.761467 	 0.783863 
12,2	76.000000 	 -0.011198 	 0.795061 	 0.783863 
12,3	74.000000 	 0.000000 	 0.783863 	 0.783863 
12,4	72.000000 	 0.783863 	 0.000000 	 0.783863 
12,5	74.000000 	 0.022396 	 0.761467 	 0.783863 
12,6	76.000000 	 0.022396 	 0.761467 	 0.783863 
12,7	78.000000 	 -0.526308 	 0.772665 	 0.246357 
12,8	74.000000 	 0.000000 	 0.783863 	 0.783863 
12,9	76.000000 	 0.011198 	 0.772665 	 0.783863 
13	78.000000 	 0.011198 	 0.772665 	 0.783863 
13,1	80.000000 	 0.000000 	 0.783863 	 0.783863 
13,2	78.000000 	 -0.022396 	 0.806259 	 0.783863 
13,3	76.000000 	 -0.022396 	 0.806259 	 0.783863 
13,4	74.000000 	 0.000000 	 0.783863 	 0.783863 
13,5	76.000000 	 0.011198 	 0.772665 	 0.783863 
13,6	78.000000 	 0.011198 	 0.772665 	 0.783863 
13,7	78.000000 	 -0.033594 	 0.817457 	 0.783863 
13,8	76.000000 	 -0.011198 	 0.806259 	 0.795061 
13,9	74.000000 	 -0.011198 	 0.795061 	 0.783863 
14	76.000000 	 0.000000 	 0.783863 	 0.783863 
14,1	76.000000 	 -0.011198 	 0.795061 	 0.783863 
14,2	74.000000 	 0.000000 	 0.783863 	 0.783863 
14,3	76.000000 	 0.011198 	 0.772665 	 0.783863 
14,4	78.000000 	 0.011198 	 0.772665 	 0.783863 
14,5	80.000000 	 -0.011198 	 0.795061 	 0.783863 
14,6	78.000000 	 -0.022396 	 0.806259 	 0.783863 
14,7	76.000000 	 -0.022396 	 0.806259 	 0.783863 
14,8	74.000000 	 0.000000 	 0.783863 	 0.783863 
14,9	76.000000 	 -0.011198 	 0.761467 	 0.750269 
15	74.000000 	 0.000000 	 0.772665 	 0.772665 
15,1	76.000000 	 0.022396 	 0.761467 	 0.783863 
15,2	78.000000 	 0.011198 	 0.772665 	 0.783863 
15,3	76.000000 	 0.000000 	 0.783863 	 0.783863 
15,4	78.000000 	 0.000000 	 0.783863 	 0.783863 
15,5	74.000000 	 0.000000 	 0.783863 	 0.783863 
15,6	76.000000 	 0.011198 	 0.772665 	 0.783863 
15,7	78.000000 	 -2.071639 	 2.855502 	 0.783863 
15,8	76.000000 	 0.011198 	 0.772665 	 0.783863 
15,9	72.000000 	 0.011198 	 0.772665 	 0.783863 
16	70.000000 	 0.011198 	 0.750269 	 0.761467 
16,1	68.000000 	 0.044792 	 0.739071 	 0.783863 
16,2	66.000000 	 0.067188 	 0.716675 	 0.783863 
16,3	68.000000 	 0.100782 	 0.683081 	 0.783863 
16,4	70.000000 	 0.100782 	 0.683081 	 0.783863 
16,5	72.000000 	 0.089584 	 0.694279 	 0.783863 
16,6	74.000000 	 0.067188 	 0.716675 	 0.783863 
16,7	72.000000 	 0.044792 	 0.739071 	 0.783863 
16,8	70.000000 	 0.033594 	 0.750269 	 0.783863 
16,9	68.000000 	 0.055990 	 0.727873 	 0.783863 
17	70.000000 	 0.078386 	 0.705477 	 0.783863 
17,1	72.000000 	 0.078386 	 0.705477 	 0.783863 
17,2	74.000000 	 0.055990 	 0.727873 	 0.783863 
17,3	70.000000 	 0.044792 	 0.739071 	 0.783863 
17,4	72.000000 	 0.055990 	 0.727873 	 0.783863 
17,5	74.000000 	 0.067188 	 0.727873 	 0.795061 
17,6	76.000000 	 0.033594 	 0.750269 	 0.783863 
17,7	72.000000 	 0.011198 	 0.772665 	 0.783863 
17,8	70.000000 	 0.044792 	 0.739071 	 0.783863 
17,9	72.000000 	 0.055990 	 0.727873 	 0.783863 
18	74.000000 	 0.033594 	 0.750269 	 0.783863 
18,1	76.000000 	 0.067188 	 0.716675 	 0.783863 
18,2	78.000000 	 0.011198 	 0.761467 	 0.772665 
18,3	76.000000 	 -0.279951 	 0.783863 	 0.503912 
18,4	74.000000 	 0.000000 	 0.783863 	 0.783863 
18,5	72.000000 	 0.011198 	 0.772665 	 0.783863 
18,6	70.000000 	 0.033594 	 0.750269 	 0.783863 
18,7	72.000000 	 0.055990 	 0.727873 	 0.783863 
18,8	74.000000 	 0.055990 	 0.727873 	 0.783863 
18,9	76.000000 	 0.044792 	 0.739071 	 0.783863 
19	74.000000 	 0.022396 	 0.761467 	 0.783863 
19,1	74.000000 	 0.033594 	 0.750269 	 0.783863 
19,2	76.000000 	 0.033594 	 0.750269 	 0.783863 
19,3	74.000000 	 0.022396 	 0.772665 	 0.795061 
19,4	72.000000 	 0.011198 	 0.772665 	 0.783863 
19,5	72.000000 	 0.055990 	 0.727873 	 0.783863 
19,6	74.000000 	 0.067188 	 0.716675 	 0.783863 
19,7	76.000000 	 0.044792 	 0.739071 	 0.783863 
19,8	78.000000 	 0.011198 	 0.772665 	 0.783863 
19,9	76.000000 	 -0.011198 	 0.795061 	 0.783863 
20	74.000000 	 0.000000 	 0.783863 	 0.783863 
20,1	72.000000 	 0.011198 	 0.772665 	 0.783863 
20,2	74.000000 	 0.022396 	 0.761467 	 0.783863 
20,3	76.000000 	 0.033594 	 0.750269 	 0.783863 
20,4	78.000000 	 0.033594 	 0.761467 	 0.795061 
20,5	80.000000 	 0.783863 	 0.000000 	 0.783863 
20,6	82.000000 	 -0.011198 	 0.795061 	 0.783863 
20,7	80.000000 	 -0.044792 	 0.828655 	 0.783863 
20,8	78.000000 	 -0.044792 	 0.828655 	 0.783863 
20,9	74.000000 	 0.000000 	 0.783863 	 0.783863 
21	76.000000 	 0.011198 	 0.772665 	 0.783863 
21,1	78.000000 	 0.011198 	 0.772665 	 0.783863 
21,2	78.000000 	 0.022396 	 0.761467 	 0.783863 
21,3	80.000000 	 -0.022396 	 0.806259 	 0.783863 
21,4	78.000000 	 0.380734 	 0.403130 	 0.783863 
21,5	80.000000 	 -0.022396 	 0.806259 	 0.783863 
21,6	76.000000 	 -0.022396 	 0.806259 	 0.783863 
21,7	78.000000 	 0.044792 	 0.739071 	 0.783863 
21,8	80.000000 	 -0.011198 	 0.795061 	 0.783863 
21,9	78.000000 	 -0.022396 	 0.806259 	 0.783863 
22	76.000000 	 -0.011198 	 0.806259 	 0.795061 
22,1	78.000000 	 -0.011198 	 0.795061 	 0.783863 
22,2	80.000000 	 -0.011198 	 0.795061 	 0.783863 
22,3	78.000000 	 -0.022396 	 0.806259 	 0.783863 
22,4	76.000000 	 0.783863 	 0.000000 	 0.783863 
22,5	80.000000 	 -0.011198 	 0.795061 	 0.783863 
22,6	82.000000 	 -0.022396 	 0.806259 	 0.783863 
22,7	84.000000 	 -0.055990 	 0.839854 	 0.783863 
22,8	82.000000 	 -0.067188 	 0.851052 	 0.783863 
22,9	80.000000 	 -0.078386 	 0.862250 	 0.783863 
23	78.000000 	 -0.044792 	 0.828655 	 0.783863 
23,1	80.000000 	 0.783863 	 0.000000 	 0.783863 
23,2	82.000000 	 -0.022396 	 0.806259 	 0.783863 
23,3	84.000000 	 -0.044792 	 0.828655 	 0.783863 
23,4	84.000000 	 -0.089584 	 0.873448 	 0.783863 
23,5	82.000000 	 -0.011198 	 0.873448 	 0.862250 
23,6	84.000000 	 0.212763 	 0.851052 	 1.063814 
23,7	86.000000 	 0.414328 	 0.862250 	 1.276577 
23,8	88.000000 	 0.548704 	 0.873448 	 1.422152 
23,9	90.000000 	 0.526308 	 0.895844 	 1.422152 
24	92.000000 	 0.492714 	 0.918240 	 1.410954 
24,1	94.000000 	 0.335941 	 0.940636 	 1.276577 
24,2	96.000000 	 0.179169 	 0.963032 	 1.142201 
24,3	100.000000 	 0.100782 	 1.007824 	 1.108607 
24,4	100.000000 	 0.067188 	 1.030220 	 1.097409 
24,5	100.000000 	 0.055990 	 1.041418 	 1.097409 
24,6	100.000000 	 0.011198 	 1.030220 	 1.041418 
24,7	98.000000 	 -0.156773 	 1.041418 	 0.884646 
24,8	96.000000 	 -0.156773 	 1.019022 	 0.862250 
24,9	94.000000 	 -0.134377 	 1.007824 	 0.873448 
25	92.000000 	 0.022396 	 0.963032 	 0.985428 
25,1	94.000000 	 0.100782 	 0.951834 	 1.052616 
25,2	96.000000 	 0.089584 	 0.963032 	 1.052616 
25,3	98.000000 	 0.067188 	 0.974230 	 1.041418 
25,4	100.000000 	 0.055990 	 0.996626 	 1.052616 
25,5	100.000000 	 0.033594 	 1.019022 	 1.052616 
25,6	100.000000 	 0.011198 	 1.030220 	 1.041418 
25,7	100.000000 	 0.022396 	 1.030220 	 1.052616 
25,8	100.000000 	 0.011198 	 1.041418 	 1.052616 
25,9	100.000000 	 0.022396 	 1.030220 	 1.052616 
26	100.000000 	 0.022396 	 1.030220 	 1.052616 
26,1	100.000000 	 0.022396 	 1.030220 	 1.052616 
26,2	100.000000 	 0.022396 	 1.030220 	 1.052616 
26,3	100.000000 	 0.022396 	 1.030220 	 1.052616 
26,4	100.000000 	 0.011198 	 1.041418 	 1.052616 
26,5	100.000000 	 0.022396 	 1.030220 	 1.052616 
26,6	100.000000 	 0.022396 	 1.030220 	 1.052616 
26,7	100.000000 	 0.022396 	 1.030220 	 1.052616 
26,8	100.000000 	 0.011198 	 1.041418 	 1.052616 
26,9	100.000000 	 0.011198 	 1.041418 	 1.052616 
27	100.000000 	 0.022396 	 1.030220 	 1.052616 
27,1	100.000000 	 0.022396 	 1.030220 	 1.052616 
27,2	100.000000 	 0.011198 	 1.041418 	 1.052616 
27,3	100.000000 	 0.022396 	 1.030220 	 1.052616 
27,4	100.000000 	 0.022396 	 1.030220 	 1.052616 
27,5	100.000000 	 0.022396 	 1.030220 	 1.052616 
27,6	100.000000 	 0.011198 	 1.041418 	 1.052616 
27,7	100.000000 	 0.011198 	 1.041418 	 1.052616 
27,8	100.000000 	 0.022396 	 1.030220 	 1.052616 
27,9	100.000000 	 0.011198 	 1.041418 	 1.052616 
28	100.000000 	 0.022396 	 1.030220 	 1.052616 
28,1	100.000000 	 0.022396 	 1.030220 	 1.052616 
28,2	100.000000 	 0.022396 	 1.030220 	 1.052616 
28,3	100.000000 	 0.022396 	 1.030220 	 1.052616 
28,4	100.000000 	 0.011198 	 1.041418 	 1.052616 
28,5	100.000000 	 0.022396 	 1.030220 	 1.052616 
28,6	100.000000 	 0.011198 	 1.041418 	 1.052616 
28,7	100.000000 	 0.022396 	 1.030220 	 1.052616 
28,8	100.000000 	 0.011198 	 1.041418 	 1.052616 
28,9	100.000000 	 0.000000 	 1.041418 	 1.041418 
29	100.000000 	 0.011198 	 1.041418 	 1.052616 
29,1	100.000000 	 0.000000 	 1.041418 	 1.041418 
29,2	100.000000 	 0.011198 	 1.041418 	 1.052616 
29,3	100.000000 	 0.055990 	 0.996626 	 1.052616 
29,4	100.000000 	 0.011198 	 1.041418 	 1.052616 
29,5	100.000000 	 0.011198 	 1.041418 	 1.052616 
29,6	100.000000 	 0.022396 	 1.030220 	 1.052616 
29,7	100.000000 	 0.011198 	 1.041418 	 1.052616 
29,8	100.000000 	 0.011198 	 1.041418 	 1.052616 
29,9	100.000000 	 0.022396 	 1.030220 	 1.052616 
30	100.000000 	 0.022396 	 1.030220 	 1.052616 
30,1	100.000000 	 0.011198 	 1.041418 	 1.052616 
30,2	100.000000 	 0.011198 	 1.041418 	 1.052616 
30,3	100.000000 	 0.011198 	 1.041418 	 1.052616 
30,4	100.000000 	 0.011198 	 1.041418 	 1.052616 
30,5	100.000000 	 0.011198 	 1.041418 	 1.052616 
30,6	100.000000 	 0.022396 	 1.030220 	 1.052616 
30,7	100.000000 	 0.022396 	 1.030220 	 1.052616 
30,8	100.000000 	 0.011198 	 1.041418 	 1.052616 
30,9	100.000000 	 0.011198 	 1.041418 	 1.052616 
31	100.000000 	 0.022396 	 1.030220 	 1.052616 
31,1	100.000000 	 0.022396 	 1.030220 	 1.052616 
31,2	100.000000 	 0.011198 	 1.041418 	 1.052616 
31,3	100.000000 	 0.011198 	 1.041418 	 1.052616 
31,4	100.000000 	 0.022396 	 1.030220 	 1.052616 
31,5	100.000000 	 0.022396 	 1.030220 	 1.052616 
31,6	100.000000 	 0.011198 	 1.041418 	 1.052616 
31,7	100.000000 	 0.011198 	 1.041418 	 1.052616 
31,8	100.000000 	 0.011198 	 1.041418 	 1.052616 
31,9	100.000000 	 0.011198 	 1.041418 	 1.052616 
32	100.000000 	 0.022396 	 1.030220 	 1.052616 
32,1	100.000000 	 0.011198 	 1.041418 	 1.052616 
32,2	100.00000 	 0.022396 	 1.030220 	 1.052616 
32,3	100.000000 	 0.000000 	 1.041418 	 1.041418 
32,4	100.000000 	 0.000000 	 1.041418 	 1.041418 
32,5	100.000000 	 0.022396 	 1.030220 	 1.052616 
32,6	100.000000 	 0.011198 	 1.041418 	 1.052616 
32,7	100.000000 	 0.011198 	 1.041418 	 1.052616 
32,8	100.000000 	 0.022396 	 1.030220 	 1.052616 
32,9	100.000000 	 0.022396 	 1.030220 	 1.052616 
33	100.000000 	 0.022396 	 1.030220 	 1.052616 
33,1	100.000000 	 0.022396 	 1.030220 	 1.052616 
33,2	100.000000 	 0.022396 	 1.030220 	 1.052616 
33,3	100.000000 	 0.011198 	 1.041418 	 1.052616 
33,4	100.000000 	 0.022396 	 1.030220 	 1.052616 
33,5	100.000000 	 0.022396 	 1.030220 	 1.052616 
33,6	100.000000 	 0.011198 	 1.041418 	 1.052616 
33,7	100.000000 	 0.022396 	 1.030220 	 1.052616 
33,8	100.000000 	 0.022396 	 1.030220 	 1.052616 
33,9	100.000000 	 0.022396 	 1.030220 	 1.052616 
34	100.000000 	 0.022396 	 1.030220 	 1.052616 
34,1	100.000000 	 0.022396 	 1.030220 	 1.052616 
34,2	100.000000 	 0.011198 	 1.041418 	 1.052616 
34,3	100.000000 	 0.011198 	 1.041418 	 1.052616 
34,4	100.000000 	 0.011198 	 1.041418 	 1.052616 
34,5	100.000000 	 0.011198 	 1.041418 	 1.052616 
34,6	100.000000 	 0.011198 	 1.041418 	 1.052616 
34,7	100.000000 	 0.022396 	 1.030220 	 1.052616 
34,8	100.000000 	 0.011198 	 1.041418 	 1.052616 
34,9	100.000000 	 0.011198 	 1.041418 	 1.052616 
35	100.000000 	 0.011198 	 1.041418 	 1.052616 
35,1	100.000000 	 0.022396 	 1.030220 	 1.052616 
35,2	100.000000 	 0.022396 	 1.030220 	 1.052616 
35,3	100.000000 	 0.011198 	 1.041418 	 1.052616 
35,4	100.000000 	 0.011198 	 1.041418 	 1.052616 
35,5	100.000000 	 0.011198 	 1.041418 	 1.052616 
35,6	100.000000 	 0.022396 	 1.030220 	 1.052616 
35,7	100.000000 	 0.000000 	 1.041418 	 1.041418 
35,8	100.000000 	 0.011198 	 1.041418 	 1.052616 
35,9	100.000000 	 0.022396 	 1.030220 	 1.052616 
36	100.000000 	 0.011198 	 1.041418 	 1.052616 
36,1	100.000000 	 0.011198 	 1.041418 	 1.052616 
36,2	100.000000 	 0.011198 	 1.041418 	 1.052616 
36,3	100.000000 	 0.022396 	 1.030220 	 1.052616 
36,4	100.000000 	 0.011198 	 1.041418 	 1.052616 
36,5	100.000000 	 0.022396 	 1.030220 	 1.052616 
36,6	100.000000 	 0.011198 	 1.041418 	 1.052616 
36,7	100.000000 	 0.011198 	 1.041418 	 1.052616 
36,8	100.000000 	 0.022396 	 1.030220 	 1.052616 
36,9	100.000000 	 0.011198 	 1.041418 	 1.052616 
37	100.000000 	 0.000000 	 1.041418 	 1.041418 
37,1	100.000000 	 0.000000 	 1.041418 	 1.041418 
37,2	100.000000 	 0.011198 	 1.041418 	 1.052616 
37,3	100.000000 	 0.011198 	 1.041418 	 1.052616 
37,4	100.000000 	 0.022396 	 1.030220 	 1.052616 
37,5	100.000000 	 0.022396 	 1.030220 	 1.052616 
37,6	100.000000 	 0.011198 	 1.041418 	 1.052616 
37,7	100.000000 	 0.022396 	 1.030220 	 1.052616 
37,8	100.000000 	 0.022396 	 1.030220 	 1.052616 
37,9	100.000000 	 0.022396 	 1.030220 	 1.052616 
38	100.000000 	 0.022396 	 1.030220 	 1.052616 
38,1	100.000000 	 0.011198 	 1.041418 	 1.052616 
38,2	100.000000 	 0.022396 	 1.030220 	 1.052616 
38,3	100.000000 	 0.011198 	 1.041418 	 1.052616 
38,4	100.000000 	 0.022396 	 1.030220 	 1.052616 
38,5	100.000000 	 0.011198 	 1.041418 	 1.052616 
38,6	100.000000 	 0.022396 	 1.030220 	 1.052616 
38,7	100.000000 	 0.044792 	 1.007824 	 1.052616 
38,8	100.000000 	 0.022396 	 1.030220 	 1.052616 
38,9	100.000000 	 0.011198 	 1.041418 	 1.052616 
39	100.000000 	 0.022396 	 1.030220 	 1.052616 
39,1	100.000000 	 0.022396 	 1.030220 	 1.052616 
39,2	100.000000 	 0.000000 	 1.041418 	 1.041418 
39,3	100.000000 	 0.022396 	 1.030220 	 1.052616 
39,4	100.000000 	 -0.044792 	 1.097409 	 1.052616 
39,5	100.000000 	 0.011198 	 1.041418 	 1.052616 
39,6	100.000000 	 0.011198 	 1.030220 	 1.041418 
39,7	100.000000 	 0.011198 	 1.041418 	 1.052616 
39,8	100.000000 	 0.011198 	 1.041418 	 1.052616 
39,9	100.000000 	 0.022396 	 1.030220 	 1.052616 
40	100.000000 	 0.011198 	 1.041418 	 1.052616 
40,1	100.000000 	 0.022396 	 1.030220 	 1.052616 
40,2	100.000000 	 0.011198 	 1.041418 	 1.052616 
40,3	100.000000 	 0.011198 	 1.041418 	 1.052616 
40,4	100.000000 	 0.022396 	 1.030220 	 1.052616 
40,5	100.000000 	 0.011198 	 1.041418 	 1.052616 
40,6	100.000000 	 0.022396 	 1.030220 	 1.052616 
40,7	100.000000 	 0.011198 	 1.041418 	 1.052616 
40,8	100.000000 	 0.011198 	 1.041418 	 1.052616 
40,9	100.000000 	 0.011198 	 1.041418 	 1.052616 
41	100.000000 	 0.011198 	 1.041418 	 1.052616 
41,1	100.000000 	 0.022396 	 1.030220 	 1.052616 
41,2	100.000000 	 0.011198 	 1.041418 	 1.052616 
41,3	100.000000 	 0.022396 	 1.030220 	 1.052616 
41,4	100.000000 	 0.011198 	 1.041418 	 1.052616 
41,5	100.000000 	 0.000000 	 1.041418 	 1.041418 
41,6	100.000000 	 0.011198 	 1.041418 	 1.052616 
41,7	100.000000 	 0.000000 	 1.041418 	 1.041418 
41,8	100.000000 	 0.011198 	 1.041418 	 1.052616 
41,9	100.000000 	 0.022396 	 1.030220 	 1.052616 
42	100.000000 	 0.011198 	 1.041418 	 1.052616 
42,1	100.000000 	 0.011198 	 1.041418 	 1.052616 
42,2	100.000000 	 0.022396 	 1.030220 	 1.052616 
42,3	100.000000 	 0.011198 	 1.041418 	 1.052616 
42,4	100.000000 	 0.011198 	 1.041418 	 1.052616 
42,5	100.000000 	 0.011198 	 1.041418 	 1.052616 
42,6	100.000000 	 0.000000 	 1.041418 	 1.041418 
42,7	100.000000 	 0.022396 	 1.030220 	 1.052616 
42,8	100.000000 	 0.011198 	 1.041418 	 1.052616 
42,9	100.000000 	 0.011198 	 1.041418 	 1.052616 
43	100.000000 	 0.022396 	 1.030220 	 1.052616 
43,1	100.000000 	 0.011198 	 1.041418 	 1.052616 
43,2	100.000000 	 0.000000 	 1.041418 	 1.041418 
43,3	100.000000 	 0.011198 	 1.041418 	 1.052616 
43,4	100.000000 	 0.011198 	 1.041418 	 1.052616 
43,5	100.000000 	 0.011198 	 1.041418 	 1.052616 
43,6	100.000000 	 0.011198 	 1.041418 	 1.052616 
43,7	100.000000 	 0.011198 	 1.041418 	 1.052616 
43,8	100.000000 	 0.011198 	 1.041418 	 1.052616 
43,9	100.000000 	 0.011198 	 1.041418 	 1.052616 
44	100.000000 	 0.011198 	 1.041418 	 1.052616 
44,1	100.000000 	 0.011198 	 1.041418 	 1.052616 
44,2	100.000000 	 0.011198 	 1.041418 	 1.052616 
44,3	100.000000 	 0.011198 	 1.041418 	 1.052616 
44,4	100.000000 	 0.011198 	 1.041418 	 1.052616 
44,5	100.000000 	 0.011198 	 1.041418 	 1.052616 
44,6	100.000000 	 0.022396 	 1.030220 	 1.052616 
44,7	100.000000 	 0.011198 	 1.041418 	 1.052616 
44,8	100.000000 	 0.011198 	 1.041418 	 1.052616 
44,9	100.000000 	 0.011198 	 1.041418 	 1.052616 
45	100.000000 	 0.022396 	 1.030220 	 1.052616 
45,1	100.000000 	 0.011198 	 1.041418 	 1.052616 
45,2	100.000000 	 0.000000 	 1.041418 	 1.041418 
45,3	100.000000 	 0.011198 	 1.041418 	 1.052616 
45,4	100.000000 	 0.011198 	 1.041418 	 1.052616 
45,5	100.000000 	 0.011198 	 1.041418 	 1.052616 
45,6	100.000000 	 0.022396 	 1.030220 	 1.052616 
45,7	100.000000 	 0.011198 	 1.041418 	 1.052616 
45,8	100.000000 	 0.011198 	 1.041418 	 1.052616 
45,9	100.000000 	 0.011198 	 1.041418 	 1.052616 
46	100.000000 	 0.011198 	 1.041418 	 1.052616 
46,1	100.000000 	 0.011198 	 1.041418 	 1.052616 
46,2	100.000000 	 0.011198 	 1.041418 	 1.052616 
46,3	100.000000 	 0.011198 	 1.041418 	 1.052616 
46,4	100.000000 	 0.011198 	 1.041418 	 1.052616 
46,5	100.000000 	 0.011198 	 1.041418 	 1.052616 
46,6	100.000000 	 0.011198 	 1.041418 	 1.052616 
46,7	100.000000 	 0.022396 	 1.041418 	 1.063814 
46,8	100.000000 	 0.000000 	 1.041418 	 1.041418 
46,9	100.000000 	 0.011198 	 1.041418 	 1.052616 
47	100.000000 	 0.011198 	 1.041418 	 1.052616 
47,1	100.000000 	 0.011198 	 1.041418 	 1.052616 
47,2	100.000000 	 0.011198 	 1.041418 	 1.052616 
47,3	100.000000 	 0.011198 	 1.041418 	 1.052616 
47,4	100.000000 	 0.011198 	 1.041418 	 1.052616 
47,5	100.000000 	 0.011198 	 1.041418 	 1.052616 
47,6	100.000000 	 0.011198 	 1.041418 	 1.052616 
47,7	100.000000 	 0.011198 	 1.041418 	 1.052616 
47,8	100.000000 	 0.022396 	 1.030220 	 1.052616 
47,9	100.000000 	 0.011198 	 1.041418 	 1.052616 
48	100.000000 	 0.022396 	 1.030220 	 1.052616 
48,1	100.000000 	 0.011198 	 1.041418 	 1.052616 
48,2	100.000000 	 0.011198 	 1.041418 	 1.052616 
48,3	100.000000 	 0.022396 	 1.030220 	 1.052616 
48,4	100.000000 	 0.011198 	 1.041418 	 1.052616 
48,5	100.000000 	 0.022396 	 1.041418 	 1.063814 
48,6	100.000000 	 0.011198 	 1.041418 	 1.052616 
48,7	100.000000 	 0.011198 	 1.041418 	 1.052616 
48,8	100.000000 	 0.011198 	 1.041418 	 1.052616 
48,9	100.000000 	 0.000000 	 1.041418 	 1.041418 
49	100.000000 	 0.011198 	 1.041418 	 1.052616 
49,1	100.000000 	 0.011198 	 1.041418 	 1.052616 
49,2	100.000000 	 0.011198 	 1.041418 	 1.052616 
49,3	100.000000 	 0.011198 	 1.041418 	 1.052616 
49,4	100.000000 	 0.000000 	 1.041418 	 1.041418 
49,5	100.000000 	 0.011198 	 1.041418 	 1.052616 
49,6	100.000000 	 0.022396 	 1.030220 	 1.052616 
49,7	100.000000 	 0.011198 	 1.041418 	 1.052616 
49,8	100.000000 	 0.011198 	 1.041418 	 1.052616 
49,9	100.000000 	 0.011198 	 1.041418 	 1.052616 
50	100.000000 	 0.011198 	 1.041418 	 1.052616 
50,1	100.000000 	 0.011198 	 1.041418 	 1.052616 
50,2	100.000000 	 0.000000 	 1.041418 	 1.041418 
50,3	100.000000 	 0.011198 	 1.041418 	 1.052616 
50,4	100.000000 	 0.000000 	 1.041418 	 1.041418 
50,5	100.000000 	 0.022396 	 1.041418 	 1.063814 
50,6	100.000000 	 0.011198 	 1.041418 	 1.052616 
50,7	100.000000 	 0.011198 	 1.041418 	 1.052616 
50,8	100.000000 	 0.000000 	 1.041418 	 1.041418 
50,9	100.000000 	 0.011198 	 1.041418 	 1.052616 
51	100.000000 	 0.011198 	 1.041418 	 1.052616 
51,1	100.000000 	 0.011198 	 1.041418 	 1.052616 
51,2	100.000000 	 0.011198 	 1.041418 	 1.052616 
51,3	100.000000 	 0.011198 	 1.041418 	 1.052616 
51,4	100.000000 	 0.011198 	 1.041418 	 1.052616 
51,5	100.000000 	 0.011198 	 1.041418 	 1.052616 
51,6	100.000000 	 0.011198 	 1.041418 	 1.052616 
51,7	100.000000 	 0.011198 	 1.041418 	 1.052616 
51,8	100.000000 	 0.011198 	 1.041418 	 1.052616 
51,9	100.000000 	 0.011198 	 1.041418 	 1.052616 
52	100.000000 	 0.000000 	 1.041418 	 1.041418 
52,1	100.000000 	 0.011198 	 1.041418 	 1.052616 
52,2	100.000000 	 0.011198 	 1.041418 	 1.052616 
52,3	100.000000 	 0.011198 	 1.041418 	 1.052616 
52,4	100.000000 	 0.011198 	 1.041418 	 1.052616 
52,5	100.000000 	 0.011198 	 1.041418 	 1.052616 
52,6	100.000000 	 0.011198 	 1.041418 	 1.052616 
52,7	100.000000 	 0.011198 	 1.041418 	 1.052616 
52,8	100.000000 	 0.000000 	 1.041418 	 1.041418 
52,9	100.000000 	 0.011198 	 1.041418 	 1.052616 
53	100.000000 	 0.022396 	 1.030220 	 1.052616 
53,1	100.000000 	 0.011198 	 1.041418 	 1.052616 
53,2	100.000000 	 0.011198 	 1.041418 	 1.052616 
53,3	100.000000 	 0.011198 	 1.030220 	 1.041418 
53,4	100.000000 	 0.011198 	 1.041418 	 1.052616 
53,5	100.000000 	 0.011198 	 1.041418 	 1.052616 
53,6	100.000000 	 0.011198 	 1.041418 	 1.052616 
53,7	100.000000 	 0.011198 	 1.041418 	 1.052616 
53,8	100.000000 	 0.011198 	 1.041418 	 1.052616 
53,9	100.000000 	 0.011198 	 1.041418 	 1.052616 
54	100.000000 	 0.011198 	 1.041418 	 1.052616 
54,1	100.000000 	 0.011198 	 1.041418 	 1.052616 
54,2	100.000000 	 0.011198 	 1.041418 	 1.052616 
54,3	100.000000 	 0.011198 	 1.041418 	 1.052616 
54,4	100.000000 	 0.011198 	 1.041418 	 1.052616 
54,5	100.000000 	 0.011198 	 1.041418 	 1.052616 
54,6	100.000000 	 0.011198 	 1.041418 	 1.052616 
54,7	100.000000 	 0.022396 	 1.030220 	 1.052616 
54,8	100.000000 	 0.000000 	 1.041418 	 1.041418 
54,9	100.000000 	 0.011198 	 1.041418 	 1.052616 
55	100.000000 	 0.011198 	 1.041418 	 1.052616 
55,1	100.000000 	 0.011198 	 1.041418 	 1.052616 
55,2	100.000000 	 0.011198 	 1.041418 	 1.052616 
55,3	100.000000 	 -0.022396 	 1.075013 	 1.052616 
55,4	100.000000 	 -0.033594 	 1.086211 	 1.052616 
55,5	100.000000 	 -0.055990 	 1.108607 	 1.052616 
55,6	100.000000 	 -0.067188 	 1.119805 	 1.052616 
55,7	100.000000 	 -0.089584 	 1.142201 	 1.052616 
55,8	100.000000 	 -0.111980 	 1.164597 	 1.052616 
55,9	100.000000 	 -0.134377 	 1.186993 	 1.052616 
56	100.000000 	 -0.156773 	 1.209389 	 1.052616 
56,1	100.000000 	 -0.179169 	 1.209389 	 1.030220 
56,2	100.000000 	 -0.179169 	 1.231785 	 1.052616 
56,3	100.000000 	 -0.190367 	 1.242983 	 1.052616 
56,4	100.000000 	 -0.212763 	 1.265379 	 1.052616 
56,5	100.000000 	 -0.223961 	 1.276577 	 1.052616 
56,6	100.000000 	 -0.246357 	 1.298973 	 1.052616 
56,7	100.000000 	 -0.403130 	 1.466944 	 1.063814 
56,8	98.000000 	 -0.257555 	 1.310171 	 1.052616 
56,9	96.000000 	 -0.246357 	 1.298973 	 1.052616 
57	94.000000 	 -0.235159 	 1.287775 	 1.052616 
57,1	92.000000 	 -0.190367 	 1.242983 	 1.052616 
57,2	96.000000 	 -0.134377 	 1.198191 	 1.063814 
57,3	98.000000 	 -0.190367 	 1.242983 	 1.052616 
57,4	96.000000 	 -0.235159 	 1.276577 	 1.041418 
57,5	94.000000 	 -0.212763 	 1.265379 	 1.052616 
57,6	90.000000 	 -0.167971 	 1.220587 	 1.052616 
57,7	92.000000 	 -0.145575 	 1.186993 	 1.041418 
57,8	94.000000 	 -0.335941 	 1.388558 	 1.052616 
57,9	92.000000 	 -0.167971 	 1.220587 	 1.052616 
58	88.000000 	 -0.134377 	 1.186993 	 1.052616 
58,1	86.000000 	 -0.111980 	 1.164597 	 1.052616 
58,2	88.000000 	 -0.089584 	 1.142201 	 1.052616 
58,3	90.000000 	 -0.089584 	 1.142201 	 1.052616 
58,4	90.000000 	 -0.134377 	 1.186993 	 1.052616 
58,5	88.000000 	 -0.123179 	 1.175795 	 1.052616 
58,6	86.000000 	 -0.111980 	 1.164597 	 1.052616 
58,7	84.000000 	 -0.089584 	 1.142201 	 1.052616 
58,8	88.000000 	 -0.067188 	 1.119805 	 1.052616 
58,9	90.000000 	 -0.078386 	 1.131003 	 1.052616 
59	88.000000 	 -0.111980 	 1.164597 	 1.052616 
59,1	86.000000 	 -0.111980 	 1.164597 	 1.052616 
59,2	86.000000 	 -0.067188 	 1.108607 	 1.041418 
59,3	84.000000 	 -0.067188 	 1.119805 	 1.052616 
59,4	86.000000 	 -0.055990 	 1.108607 	 1.052616 
59,5	84.000000 	 -0.067188 	 1.119805 	 1.052616 
59,6	84.000000 	 -0.033594 	 1.086211 	 1.052616 
59,7	86.000000 	 -0.044792 	 1.097409 	 1.052616 
59,8	84.000000 	 -0.067188 	 1.119805 	 1.052616 
59,9	82.000000 	 -0.055990 	 1.108607 	 1.052616 
60	84.000000 	 -0.044792 	 1.097409 	 1.052616 
60,1	82.000000 	 -0.033594 	 1.086211 	 1.052616 
60,2	84.000000 	 -0.033594 	 1.086211 	 1.052616 
60,3	86.000000 	 -0.044792 	 1.097409 	 1.052616 
60,4	84.000000 	 -0.067188 	 1.119805 	 1.052616 
60,5	82.000000 	 -0.055990 	 1.108607 	 1.052616 
60,6	80.000000 	 -0.033594 	 1.086211 	 1.052616 
60,7	82.000000 	 -0.011198 	 1.063814 	 1.052616 
60,8	84.000000 	 -0.022396 	 1.075013 	 1.052616 
60,9	86.000000 	 -0.033594 	 1.086211 	 1.052616 
61	84.000000 	 -0.055990 	 1.108607 	 1.052616 
61,1	82.000000 	 -0.067188 	 1.119805 	 1.052616 
61,2	80.000000 	 -0.033594 	 1.086211 	 1.052616 
61,3	82.000000 	 -0.011198 	 1.063814 	 1.052616 
61,4	84.000000 	 -0.022396 	 1.063814 	 1.041418 
61,5	82.000000 	 -0.044792 	 1.086211 	 1.041418 
61,6	80.000000 	 -0.033594 	 1.086211 	 1.052616 
61,7	82.000000 	 0.000000 	 1.052616 	 1.052616 
61,8	84.000000 	 0.000000 	 1.052616 	 1.052616 
61,9	86.000000 	 -0.033594 	 1.086211 	 1.052616 
62	84.000000 	 -0.067188 	 1.119805 	 1.052616 
62,1	82.000000 	 -0.055990 	 1.108607 	 1.052616 
62,2	80.000000 	 -0.033594 	 1.086211 	 1.052616 
62,3	78.000000 	 -0.011198 	 1.063814 	 1.052616 
62,4	80.000000 	 0.011198 	 1.041418 	 1.052616 
62,5	84.000000 	 -0.011198 	 1.052616 	 1.041418 
62,6	82.000000 	 -0.033594 	 1.086211 	 1.052616 
62,7	80.000000 	 -0.033594 	 1.086211 	 1.052616 
62,8	78.000000 	 -0.022396 	 1.075013 	 1.052616 
62,9	82.000000 	 0.022396 	 1.030220 	 1.052616 
63	84.000000 	 -0.615893 	 1.668509 	 1.052616 
63,1	82.000000 	 -0.033594 	 1.086211 	 1.052616 
63,2	80.000000 	 -0.033594 	 1.086211 	 1.052616 
63,3	78.000000 	 -0.011198 	 1.063814 	 1.052616 
63,4	76.000000 	 0.011198 	 1.041418 	 1.052616 
63,5	78.000000 	 0.044792 	 1.007824 	 1.052616 
63,6	80.000000 	 0.044792 	 1.007824 	 1.052616 
63,7	82.000000 	 0.022396 	 1.030220 	 1.052616 
63,8	84.000000 	 -0.022396 	 1.063814 	 1.041418 
63,9	82.000000 	 -0.033594 	 1.086211 	 1.052616 
64	80.000000 	 -0.033594 	 1.086211 	 1.052616 
64,1	78.000000 	 -0.011198 	 1.063814 	 1.052616 
64,2	76.000000 	 0.011198 	 1.041418 	 1.052616 
64,3	80.000000 	 0.044792 	 1.007824 	 1.052616 
64,4	82.000000 	 0.022396 	 1.030220 	 1.052616 
64,5	84.000000 	 0.000000 	 1.052616 	 1.052616 
64,6	80.000000 	 -0.044792 	 1.086211 	 1.041418 
64,7	78.000000 	 -0.011198 	 1.063814 	 1.052616 
64,8	76.000000 	 0.011198 	 1.041418 	 1.052616 
64,9	78.000000 	 0.033594 	 1.019022 	 1.052616 
65	80.000000 	 0.033594 	 1.019022 	 1.052616 
65,1	82.000000 	 0.011198 	 1.041418 	 1.052616 
65,2	80.000000 	 -0.011198 	 1.063814 	 1.052616 
65,3	78.000000 	 0.000000 	 1.052616 	 1.052616 
65,4	80.000000 	 0.022396 	 1.030220 	 1.052616 
65,5	82.000000 	 0.011198 	 1.041418 	 1.052616 
65,6	80.000000 	 -0.011198 	 1.063814 	 1.052616 
65,7	78.000000 	 -0.011198 	 1.063814 	 1.052616 
65,8	76.000000 	 0.011198 	 1.041418 	 1.052616 
65,9	78.000000 	 0.044792 	 1.007824 	 1.052616 
66	80.000000 	 -1.019022 	 1.019022 	 0.000000 
66,1	78.000000 	 0.011198 	 1.041418 	 1.052616 
66,2	76.000000 	 0.011198 	 1.030220 	 1.041418 
66,3	74.000000 	 0.044792 	 1.007824 	 1.052616 
66,4	76.000000 	 0.067188 	 0.985428 	 1.052616 
66,5	80.000000 	 0.044792 	 1.007824 	 1.052616 
66,6	78.000000 	 0.022396 	 1.030220 	 1.052616 
66,7	76.000000 	 0.022396 	 1.030220 	 1.052616 
66,8	78.000000 	 0.011198 	 1.019022 	 1.030220 
66,9	78.000000 	 0.044792 	 1.007824 	 1.052616 
67	80.000000 	 0.033594 	 1.019022 	 1.052616 
67,1	78.000000 	 0.022396 	 1.030220 	 1.052616 
67,2	76.000000 	 -1.019022 	 1.019022 	 0.000000 
67,3	74.000000 	 0.123179 	 0.929438 	 1.052616 
67,4	76.000000 	 0.067188 	 0.985428 	 1.052616 
67,5	78.000000 	 0.067188 	 0.985428 	 1.052616 
67,6	76.000000 	 0.044792 	 1.007824 	 1.052616 
67,7	74.000000 	 0.044792 	 1.007824 	 1.052616 
67,8	76.000000 	 0.067188 	 0.985428 	 1.052616 
67,9	78.000000 	 0.067188 	 0.985428 	 1.052616 
68	80.000000 	 0.033594 	 1.019022 	 1.052616 
68,1	78.000000 	 0.044792 	 1.019022 	 1.063814 
68,2	76.000000 	 0.022396 	 1.030220 	 1.052616 
68,3	76.000000 	 0.078386 	 0.974230 	 1.052616 
68,4	78.000000 	 0.067188 	 0.985428 	 1.052616 
68,5	80.000000 	 0.033594 	 1.007824 	 1.041418 
68,6	78.000000 	 0.022396 	 1.030220 	 1.052616 
68,7	74.000000 	 0.044792 	 1.007824 	 1.052616 
68,8	76.000000 	 0.055990 	 0.985428 	 1.041418 
68,9	78.000000 	 0.089584 	 0.985428 	 1.075013 
69	80.000000 	 0.044792 	 1.007824 	 1.052616 
69,1	82.000000 	 0.022396 	 1.030220 	 1.052616 
69,2	80.000000 	 0.000000 	 1.052616 	 1.052616 
69,3	78.000000 	 1.052616 	 0.000000 	 1.052616 
69,4	80.000000 	 -0.022396 	 1.041418 	 1.019022 
69,5	82.000000 	 0.011198 	 1.041418 	 1.052616 
69,6	82.000000 	 -0.033594 	 1.086211 	 1.052616 
69,7	80.000000 	 -0.022396 	 1.075013 	 1.052616 
69,8	78.000000 	 -0.011198 	 1.063814 	 1.052616 
69,9	80.000000 	 0.011198 	 1.041418 	 1.052616 
70	82.000000 	 -0.492714 	 1.041418 	 0.548704 
70,1	80.000000 	 -0.022396 	 1.063814 	 1.041418 
70,2	78.000000 	 0.000000 	 1.052616 	 1.052616 
70,3	80.000000 	 0.022396 	 1.030220 	 1.052616 
70,4	82.000000 	 0.011198 	 1.041418 	 1.052616 
70,5	80.000000 	 -1.802886 	 2.855502 	 1.052616 
70,6	78.000000 	 0.000000 	 1.052616 	 1.052616 
70,7	76.000000 	 0.022396 	 1.030220 	 1.052616 
70,8	74.000000 	 0.044792 	 1.007824 	 1.052616 
70,9	72.000000 	 0.067188 	 0.985428 	 1.052616 
71	76.000000 	 0.089584 	 0.963032 	 1.052616 
71,1	78.000000 	 0.067188 	 0.985428 	 1.052616 
71,2	76.000000 	 0.055990 	 0.996626 	 1.052616 
71,3	74.000000 	 0.055990 	 1.007824 	 1.063814 
71,4	78.000000 	 0.067188 	 0.985428 	 1.052616 
71,5	80.000000 	 0.044792 	 1.007824 	 1.052616 
71,6	78.000000 	 0.011198 	 1.041418 	 1.052616 
71,7	76.000000 	 0.022396 	 1.030220 	 1.052616 
71,8	74.000000 	 0.033594 	 1.007824 	 1.041418 
71,9	76.000000 	 0.067188 	 0.985428 	 1.052616 
72	78.000000 	 -1.075012 	 2.127629 	 1.052616 
72,1	76.000000 	 0.951834 	 0.100782 	 1.052616 
72,2	78.000000 	 0.929438 	 0.123179 	 1.052616 
72,3	82.000000 	 0.671883 	 0.380734 	 1.052616 
72,4	84.000000 	 0.851052 	 0.190367 	 1.041418 
72,5	86.000000 	 0.974230 	 0.078386 	 1.052616 
72,6	88.000000 	 0.817457 	 0.235159 	 1.052616 
72,7	92.000000 	 0.940636 	 0.111980 	 1.052616 
72,8	94.000000 	 0.929438 	 0.123179 	 1.052616 
72,9	96.000000 	 0.246357 	 0.806259 	 1.052616 
73	98.000000 	 0.974230 	 0.078386 	 1.052616 
73,1	100.000000 	 1.052616 	 0.000000 	 1.052616 
73,2	100.000000 	 1.052616 	 0.000000 	 1.052616 
73,3	100.000000 	 1.052616 	 0.000000 	 1.052616 
73,4	100.000000 	 1.052616 	 0.000000 	 1.052616 
73,5	100.000000 	 1.052616 	 0.000000 	 1.052616 
73,6	100.000000 	 1.041418 	 0.000000 	 1.041418 
73,7	100.000000 	 1.052616 	 0.000000 	 1.052616 
73,8	100.000000 	 1.052616 	 0.000000 	 1.052616 
73,9	100.000000 	 1.052616 	 0.000000 	 1.052616 
74	100.000000 	 1.041418 	 0.011198 	 1.052616 
74,1	100.000000 	 1.052616 	 0.000000 	 1.052616 
74,2	100.000000 	 1.052616 	 0.000000 	 1.052616 
74,3	100.000000 	 1.052616 	 0.000000 	 1.052616 
74,4	100.000000 	 1.052616 	 0.000000 	 1.052616 
74,5	100.000000 	 1.041418 	 0.011198 	 1.052616 
74,6	100.000000 	 1.052616 	 0.000000 	 1.052616 
74,7	100.000000 	 1.052616 	 0.000000 	 1.052616 
74,8	100.000000 	 0.414328 	 0.638289 	 1.052616 
74,9	100.000000 	 -0.257555 	 1.310171 	 1.052616 
75	100.000000 	 -0.257555 	 1.310171 	 1.052616 
75,1	100.000000 	 -0.257555 	 1.310171 	 1.052616 
75,2	100.000000 	 -0.257555 	 1.310171 	 1.052616 
75,3	100.000000 	 -0.257555 	 1.310171 	 1.052616 
75,4	100.000000 	 -0.257555 	 1.310171 	 1.052616 
75,5	100.000000 	 -0.257555 	 1.310171 	 1.052616 
75,6	100.000000 	 -0.257555 	 1.310171 	 1.052616 
75,7	100.000000 	 -0.257555 	 1.310171 	 1.052616 
75,8	100.000000 	 -0.257555 	 1.310171 	 1.052616 
75,9	100.000000 	 -0.257555 	 1.310171 	 1.052616 
76	100.000000 	 -0.235159 	 1.298973 	 1.063814 
76,1	100.000000 	 -0.179169 	 1.231785 	 1.052616 
76,2	100.000000 	 -0.067188 	 1.119805 	 1.052616 
76,3	100.000000 	 0.055990 	 0.996626 	 1.052616 
76,4	100.000000 	 0.190367 	 0.862250 	 1.052616 
76,5	100.000000 	 0.279951 	 0.772665 	 1.052616 
76,6	100.000000 	 0.391932 	 0.660685 	 1.052616 
76,7	100.000000 	 0.515110 	 0.537506 	 1.052616 
76,8	100.000000 	 0.671883 	 0.380734 	 1.052616 
76,9	100.000000 	 0.683081 	 0.369536 	 1.052616 
77	100.000000 	 0.783863 	 0.268753 	 1.052616 
77,1	100.000000 	 0.783863 	 0.268753 	 1.052616 
77,2	100.000000 	 0.795061 	 0.257555 	 1.052616  
77,3	100.000000 	 1.052616 	 0.000000 	 1.052616 
77,4	100.000000 	 1.052616 	 0.000000 	 1.052616 
77,5	100.000000 	 1.052616 	 0.000000 	 1.052616 
77,6	100.000000 	 1.052616 	 0.000000 	 1.052616 
77,7	100.000000 	 1.052616 	 0.000000 	 1.052616 
77,8	100.000000 	 1.052616 	 0.000000 	 1.052616 
77,9	100.000000 	 1.052616 	 0.000000 	 1.052616 
